Sid,Certification_Course,Gender,Department,Height_CM,Weight_KG,Tenth_Mark,Twelth_Mark,college_mark,hobbies,daily_studing_time,prefer_to_study_in,degree_willingness  ,social_medai_video,Travelling_Time ,Stress_Level ,Financial_Status,part_time_job,Campus_Behavior,Label,results
169.45.214.248-10.42.0.151-5222-56112-6,No,Male,BCA,100.0,58.0,79.0,65.0,80.0,Video Games,0 - 30 minute,Morning,50%,1.30 - 2 hour,30 - 60 minutes,Bad,Bad,No,falling,1,1
10.42.0.211-10.42.0.1-49857-53-17,No,Female,BCA,90.0,40.0,70.0,80.0,70.0,Cinema,30 - 60 minute,Morning,75%,1 - 1.30 hour,0 - 30 minutes,Bad,Bad,No,kicking,1,1
10.42.0.151-10.42.0.1-41614-53-17,Yes,Male,BCA,159.0,78.0,69.5,61.0,55.0,Cinema,1 - 2 Hour,Anytime,50%,More than 2 hour,30 - 60 minutes,Awful,Bad,No,Normal,0,0
10.42.0.151-10.42.0.1-9903-53-17,Yes,Female,BCA,147.0,20.0,70.0,59.0,58.0,Reading books,1 - 2 Hour,Anytime,50%,1.30 - 2 hour,0 - 30 minutes,Bad,good,No,backflipping,1,1
10.42.0.42-13.66.26.172-53130-443-6,No,Male,BCA,170.0,54.0,40.0,65.0,30.0,Video Games,30 - 60 minute,Morning,25%,1.30 - 2 hour,30 - 60 minutes,Good,good,No,Normal,0,0
172.217.10.100-10.42.0.151-443-41030-6,Yes,Female,BCA,139.0,33.0,90.0,75.0,70.0,Cinema,30 - 60 minute,Night,50%,30 - 60 Minute,0 - 30 minutes,Bad,good,No,Normal,0,0
172.217.10.74-10.42.0.151-443-57211-6,Yes,Male,BCA,165.0,50.0,70.0,63.0,3.0,Reading books,1 - 2 Hour,Morning,75%,1 - 1.30 hour,1 - 1.30 hour,Good,good,No,backflipping,1,1
172.217.12.170-10.42.0.42-443-52998-6,No,Male,BCA,152.0,43.0,61.6,61.67,75.0,Sports,1 - 2 Hour,Morning,50%,1 - 1.30 hour,1 - 1.30 hour,Good,good,No,backflipping,1,1
206.126.112.142-10.42.0.151-443-39311-6,No,Male,BCA,190.0,85.0,88.2,67.5,60.0,Video Games,0 - 30 minute,Morning,75%,1.30 - 2 hour,1 - 1.30 hour,Bad,Bad,No,Normal,0,0
172.217.10.42-10.42.0.42-443-56914-6,No,Male,BCA,150.0,84.0,60.0,65.0,70.0,Video Games,0 - 30 minute,Anytime,75%,30 - 60 Minute,30 - 60 minutes,Good,good,No,kicking,1,1
203.205.158.23-10.42.0.151-80-48808-6,No,Male,BCA,99.0,50.0,75.0,70.0,60.0,Video Games,1 - 2 Hour,Morning,75%,1 - 1.30 hour,0 - 30 minutes,Good,Bad,No,Normal,0,0
10.42.0.1-10.42.0.42-53-41717-17,No,Female,BCA,152.0,51.0,60.0,55.0,65.0,Cinema,2 - 3 hour,Night,75%,1 - 1.30 hour,2 - 2.30 hour,Bad,Bad,No,kicking,1,1
10.42.0.151-104.244.43.131-48232-443-6,Yes,Female,BCA,158.0,64.0,59.0,54.0,80.0,Reading books,30 - 60 minute,Morning,75%,1 - 30 Minute,30 - 60 minutes,Bad,good,No,Normal,0,0
10.42.0.211-119.146.74.31-58603-443-6,No,Male,BCA,160.0,52.0,50.0,55.0,50.0,Cinema,0 - 30 minute,Anytime,75%,30 - 60 Minute,1.30 - 2 hour,Good,Awful,No,kicking,1,1
10.42.0.211-98.139.225.43-50554-443-6,Yes,Male,BCA,160.0,83.0,89.5,69.7,70.0,Cinema,30 - 60 minute,Anytime,75%,1 - 30 Minute,30 - 60 minutes,Good,good,No,Normal,0,0
192.229.173.173-10.42.0.211-443-43640-6,Yes,Male,BCA,156.0,68.0,54.0,48.0,60.0,Video Games,30 - 60 minute,Anytime,75%,1 - 1.30 hour,more than 3 hour,Good,Bad,No,Normal,0,0
10.42.0.211-98.139.180.180-37794-443-6,Yes,Male,BCA,153.0,52.0,83.0,76.0,75.0,Sports,1 - 2 Hour,Anytime,75%,1.30 - 2 hour,30 - 60 minutes,Good,good,Yes,Normal,0,0
10.42.0.211-23.21.95.195-47277-443-6,Yes,Male,BCA,162.0,60.0,62.0,61.3,53.0,Cinema,0 - 30 minute,Night,100%,1 - 1.30 hour,1 - 1.30 hour,Bad,Bad,No,Normal,0,0
10.42.0.211-10.42.0.1-5070-53-17,No,Male,BCA,150.0,60.0,60.0,65.0,60.0,Cinema,0 - 30 minute,Anytime,100%,1 - 30 Minute,1 - 1.30 hour,Bad,Bad,No,Normal,0,0
203.205.158.60-10.42.0.42-80-33363-6,Yes,Female,BCA,109.0,42.0,60.0,70.0,88.0,Cinema,30 - 60 minute,Anytime,100%,1 - 30 Minute,30 - 60 minutes,Good,good,No,backflipping,1,1
10.42.0.211-104.244.42.129-53464-80-6,Yes,Male,BCA,160.0,50.0,65.0,65.0,50.0,Sports,30 - 60 minute,Anytime,75%,30 - 60 Minute,1 - 1.30 hour,Bad,Bad,Yes,falling,1,1
175.100.207.233-10.42.0.211-80-47336-6,No,Male,BCA,154.0,51.0,65.0,70.0,50.0,Cinema,1 - 2 Hour,Morning,50%,1 - 30 Minute,1 - 1.30 hour,Good,Bad,No,Normal,0,0
10.42.0.151-10.42.0.1-20557-53-17,No,Female,BCA,142.0,42.0,78.0,60.0,60.0,Cinema,1 - 2 Hour,Anytime,75%,1 - 1.30 hour,1 - 1.30 hour,Bad,good,No,Normal,0,0
10.42.0.211-23.206.166.62-42171-80-6,No,Male,BCA,180.0,90.0,75.0,73.8,65.0,Video Games,1 - 2 Hour,Morning,50%,1 - 1.30 hour,30 - 60 minutes,Good,good,No,Normal,0,0
198.11.188.78-10.42.0.42-443-45000-6,No,Male,BCA,167.0,85.0,75.0,60.0,80.0,Cinema,0 - 30 minute,Anytime,50%,1.30 - 2 hour,2 - 2.30 hour,Awful,good,No,falling,1,1
172.217.10.65-10.42.0.211-443-40213-6,No,Male,BCA,90.0,89.0,60.0,50.0,50.0,Sports,30 - 60 minute,Morning,75%,30 - 60 Minute,30 - 60 minutes,Bad,good,Yes,falling,1,1
10.42.0.151-91.190.216.60-36975-12350-6,Yes,Male,BCA,175.0,73.0,90.0,90.0,80.0,Cinema,1 - 2 Hour,Anytime,50%,0 Minute,1 - 1.30 hour,Good,Bad,No,falling,1,1
8.0.6.4-8.6.0.1-0-0-0,No,Male,BCA,151.0,69.0,73.0,85.0,55.0,Sports,0 - 30 minute,Morning,100%,1 - 1.30 hour,30 - 60 minutes,Good,good,No,falling,1,1
172.217.7.164-10.42.0.42-443-38539-6,No,Female,BCA,145.0,39.0,89.0,77.0,65.0,Sports,30 - 60 minute,Night,100%,0 Minute,1 - 1.30 hour,Awful,Bad,Yes,falling,1,1
10.42.0.1-10.42.0.42-53-50679-17,No,Female,BCA,99.0,40.0,94.0,94.0,80.0,Reading books,30 - 60 minute,Night,75%,1 - 1.30 hour,30 - 60 minutes,Good,Bad,No,Normal,0,0
172.217.6.202-10.42.0.42-443-33738-6,No,Male,BCA,151.0,52.0,60.0,65.0,65.0,Sports,0 - 30 minute,Morning,75%,30 - 60 Minute,1.30 - 2 hour,Good,good,No,falling,1,1
10.42.0.211-10.42.0.1-14200-53-17,No,Male,BCA,158.0,63.0,78.0,60.0,75.0,Sports,30 - 60 minute,Anytime,100%,30 - 60 Minute,2.30 - 3 hour,Good,Bad,No,Normal,0,0
180.149.136.194-10.42.0.211-80-48637-6,Yes,Male,BCA,160.0,60.0,69.0,60.0,50.0,Sports,0 - 30 minute,Anytime,75%,1 - 30 Minute,1.30 - 2 hour,Good,Awful,No,Normal,0,0
10.42.0.151-125.88.193.226-57182-80-6,No,Male,BCA,163.0,55.0,85.6,70.0,65.0,Cinema,1 - 2 Hour,Anytime,75%,1 - 1.30 hour,0 - 30 minutes,Awful,Bad,No,Normal,0,0
10.42.0.211-104.192.108.27-53833-80-6,Yes,Male,BCA,160.0,70.0,65.0,60.0,65.0,Video Games,30 - 60 minute,Anytime,75%,30 - 60 Minute,30 - 60 minutes,Bad,good,No,kicking,1,1
10.42.0.211-10.42.0.1-31723-53-17,No,Male,BCA,144.0,50.0,70.0,60.0,60.0,Sports,0 - 30 minute,Morning,50%,1 - 1.30 hour,1.30 - 2 hour,Bad,Bad,No,Normal,0,0
10.42.0.211-111.202.114.77-49801-443-6,No,Female,BCA,155.0,48.0,85.0,80.0,80.0,Sports,2 - 3 hour,Anytime,100%,1 - 1.30 hour,1 - 1.30 hour,Good,good,No,kicking,1,1
203.130.53.126-10.42.0.211-80-52064-6,No,Female,BCA,150.0,45.0,90.0,90.0,90.0,Cinema,0 - 30 minute,Night,100%,1 - 1.30 hour,0 - 30 minutes,Awful,good,No,Normal,0,0
172.217.10.10-10.42.0.151-443-39296-6,Yes,Male,BCA,185.0,72.0,79.0,65.0,75.0,Video Games,30 - 60 minute,Morning,75%,More than 2 hour,30 - 60 minutes,Good,Bad,No,kicking,1,1
10.42.0.1-10.42.0.42-53-24839-17,No,Male,BCA,165.0,50.0,77.0,87.0,60.0,Video Games,30 - 60 minute,Anytime,25%,30 - 60 Minute,1 - 1.30 hour,Bad,Bad,No,Normal,0,0
172.217.10.131-10.42.0.151-443-48358-6,No,Female,BCA,175.0,43.0,54.0,51.0,66.0,Sports,30 - 60 minute,Morning,50%,1 - 30 Minute,1 - 1.30 hour,Bad,good,No,kicking,1,1
140.205.140.87-10.42.0.211-80-39636-6,No,Female,BCA,98.0,35.0,70.0,55.0,70.0,Reading books,1 - 2 Hour,Night,75%,1.30 - 2 hour,30 - 60 minutes,Good,good,No,kicking,1,1
203.205.151.47-10.42.0.151-80-60295-6,No,Female,Commerce,159.0,95.0,72.0,80.0,79.0,Cinema,0 - 30 minute,Anytime,50%,More than 2 hour,0 - 30 minutes,Good,good,No,Normal,0,0
10.42.0.151-104.244.43.227-49848-443-6,No,Male,Commerce,160.0,70.0,70.0,70.0,70.0,Cinema,3 - 4 hour,Anytime,100%,1 - 30 Minute,0 - 30 minutes,Good,good,Yes,backflipping,1,1
10.42.0.151-10.42.0.1-46697-53-17,Yes,Male,Commerce,160.0,65.0,70.0,75.0,70.0,Sports,0 - 30 minute,Anytime,75%,1 - 1.30 hour,30 - 60 minutes,Good,good,Yes,Normal,0,0
10.42.0.211-52.84.29.154-57116-443-6,Yes,Female,B.com Accounting and Finance ,154.0,45.0,64.0,88.0,70.0,Sports,1 - 2 Hour,Morning,25%,1 - 1.30 hour,0 - 30 minutes,Bad,good,No,Normal,0,0
10.42.0.151-10.42.0.1-32711-53-17,No,Male,B.com Accounting and Finance ,160.0,80.0,75.0,75.0,75.0,Sports,30 - 60 minute,Anytime,75%,More than 2 hour,1.30 - 2 hour,Good,good,No,backflipping,1,1
10.42.0.211-66.231.239.124-55348-80-6,No,Male,B.com Accounting and Finance ,90.0,83.0,60.0,82.0,65.0,Video Games,0 - 30 minute,Anytime,75%,30 - 60 Minute,1.30 - 2 hour,Awful,good,No,backflipping,1,1
10.42.0.42-123.59.190.237-58925-80-6,Yes,Male,B.com Accounting and Finance ,156.0,70.0,66.0,65.0,60.0,Reading books,1 - 2 Hour,Morning,50%,30 - 60 Minute,30 - 60 minutes,fabulous,good,No,Normal,0,0
216.58.219.226-10.42.0.211-443-44879-6,No,Male,B.com Accounting and Finance ,155.0,55.0,73.0,72.0,1.0,Reading books,1 - 2 Hour,Night,75%,1 - 30 Minute,30 - 60 minutes,Good,good,No,backflipping,1,1
172.217.9.234-10.42.0.211-443-46345-6,Yes,Male,B.com Accounting and Finance ,153.0,56.0,62.0,53.0,80.0,Sports,1 - 2 Hour,Morning,75%,30 - 60 Minute,2 - 2.30 hour,Awful,Awful,Yes,Normal,0,0
202.77.129.161-10.42.0.42-80-54595-6,Yes,Female,B.com Accounting and Finance ,157.0,53.0,85.0,88.0,89.0,Sports,1 - 2 Hour,Anytime,100%,0 Minute,1 - 1.30 hour,Bad,Bad,No,backflipping,1,1
10.42.0.211-54.192.38.154-53349-443-6,No,Male,B.com Accounting and Finance ,170.0,65.0,70.0,80.0,75.0,Reading books,More Than 4 hour,Anytime,100%,1.30 - 2 hour,30 - 60 minutes,Bad,good,No,Normal,0,0
216.58.217.163-10.42.0.151-443-48940-6,Yes,Female,Commerce,159.0,67.0,98.0,80.0,85.0,Reading books,1 - 2 Hour,Anytime,100%,1.30 - 2 hour,more than 3 hour,Good,Bad,No,kicking,1,1
152.163.56.2-10.42.0.211-443-48457-6,Yes,Female,Commerce,180.0,43.0,86.0,78.0,85.0,Reading books,1 - 2 Hour,Anytime,75%,1.30 - 2 hour,30 - 60 minutes,Bad,good,No,Normal,0,0
10.42.0.151-10.42.0.1-55810-53-17,No,Male,Commerce,100.0,47.0,87.0,84.0,92.0,Sports,30 - 60 minute,Morning,75%,1 - 1.30 hour,30 - 60 minutes,fabulous,Bad,No,Normal,0,0
10.42.0.211-115.239.210.141-51785-80-6,Yes,Female,Commerce,156.0,52.0,82.0,70.0,80.0,Reading books,2 - 3 hour,Morning,100%,1 - 30 Minute,0 - 30 minutes,fabulous,Bad,Yes,Normal,0,0
10.42.0.151-98.139.183.24-55392-443-6,Yes,Female,Commerce,167.0,62.0,80.0,60.0,60.0,Sports,1 - 2 Hour,Morning,75%,1 - 1.30 hour,1 - 1.30 hour,Good,good,No,Normal,0,0
8.0.6.4-8.6.0.1-0-0-0,Yes,Female,Commerce,152.0,60.0,93.6,85.0,93.0,Sports,1 - 2 Hour,Anytime,100%,1 - 30 Minute,0 - 30 minutes,Good,good,No,Normal,0,0
172.217.9.227-10.42.0.151-443-57870-6,Yes,Male,B.com Accounting and Finance ,152.0,50.0,90.0,80.0,95.0,Sports,3 - 4 hour,Anytime,75%,1 - 1.30 hour,30 - 60 minutes,Bad,Bad,Yes,kicking,1,1
10.42.0.211-10.42.0.1-47002-53-17,Yes,Female,Commerce,146.0,61.0,88.0,81.0,80.0,Cinema,30 - 60 minute,Morning,75%,1 - 30 Minute,30 - 60 minutes,Good,good,No,kicking,1,1
172.217.10.110-10.42.0.151-443-38067-6,Yes,Female,Commerce,156.0,42.0,87.0,78.0,84.0,Cinema,30 - 60 minute,Morning,75%,30 - 60 Minute,30 - 60 minutes,Good,good,No,Normal,0,0
206.126.112.142-10.42.0.151-443-33251-6,Yes,Male,Commerce,190.0,90.0,70.0,70.0,90.0,Cinema,More Than 4 hour,Anytime,100%,More than 2 hour,30 - 60 minutes,Awful,Bad,Yes,Normal,0,0
152.163.56.2-10.42.0.211-443-36198-6,Yes,Male,BCA,155.0,89.0,89.0,69.0,80.0,Sports,30 - 60 minute,Anytime,25%,More than 2 hour,30 - 60 minutes,Bad,Awful,Yes,Normal,0,0
10.42.0.42-106.39.169.66-43528-443-6,Yes,Male,BCA,160.0,55.0,70.0,60.0,70.0,Video Games,0 - 30 minute,Anytime,50%,More than 2 hour,30 - 60 minutes,Bad,good,No,kicking,1,1
180.149.136.194-10.42.0.151-80-54144-6,Yes,Male,BCA,153.0,75.0,95.0,90.0,90.0,Cinema,1 - 2 Hour,Morning,75%,More than 2 hour,1.30 - 2 hour,Good,good,Yes,kicking,1,1
10.42.0.211-119.146.74.34-43439-80-6,Yes,Female,BCA,160.0,42.0,80.0,75.0,75.0,Reading books,2 - 3 hour,Morning,75%,1 - 30 Minute,1 - 1.30 hour,Good,good,No,kicking,1,1
172.217.3.99-10.42.0.211-443-43528-6,Yes,Male,BCA,100.0,93.0,90.0,62.0,79.0,Reading books,30 - 60 minute,Night,75%,30 - 60 Minute,30 - 60 minutes,Bad,Bad,No,backflipping,1,1
216.58.218.227-10.42.0.42-443-50608-6,Yes,Male,BCA,157.0,58.0,84.0,65.0,85.0,Cinema,1 - 2 Hour,Night,75%,30 - 60 Minute,2 - 2.30 hour,Good,good,No,backflipping,1,1
10.42.0.151-106.11.176.1-47627-443-6,Yes,Male,BCA,162.0,73.0,50.0,50.0,60.0,Reading books,30 - 60 minute,Night,75%,1 - 30 Minute,1 - 1.30 hour,Bad,good,No,Normal,0,0
10.42.0.42-52.179.189.71-47940-443-6,Yes,Male,BCA,99.0,78.0,91.0,60.0,60.0,Sports,30 - 60 minute,Anytime,25%,1.30 - 2 hour,0 - 30 minutes,Bad,Bad,Yes,falling,1,1
198.11.136.24-10.42.0.211-443-52636-6,No,Female,BCA,162.0,60.0,84.0,64.0,75.0,Sports,2 - 3 hour,Anytime,50%,1 - 1.30 hour,30 - 60 minutes,Bad,good,No,Normal,0,0
10.42.0.211-10.42.0.1-39313-53-17,No,Female,BCA,160.0,35.0,87.0,75.0,89.0,Cinema,0 - 30 minute,Anytime,25%,1 - 30 Minute,1 - 1.30 hour,Good,Bad,No,Normal,0,0
10.42.0.211-66.231.239.124-34031-443-6,Yes,Male,BCA,190.0,70.0,89.8,63.3,73.3,Sports,0 - 30 minute,Anytime,50%,30 - 60 Minute,1 - 1.30 hour,Bad,good,No,Normal,0,0
10.42.0.151-104.254.66.16-50163-80-6,Yes,Male,BCA,160.0,60.0,89.0,69.0,80.0,Video Games,3 - 4 hour,Morning,75%,1 - 1.30 hour,more than 3 hour,Good,good,Yes,falling,1,1
202.77.129.230-10.42.0.151-80-58523-6,Yes,Male,BCA,150.0,74.0,75.0,55.0,60.0,Sports,30 - 60 minute,Morning,75%,1 - 1.30 hour,0 - 30 minutes,Good,good,No,Normal,0,0
203.205.158.61-10.42.0.42-80-54023-6,Yes,Female,BCA,175.0,65.0,93.0,66.0,85.0,Reading books,1 - 2 Hour,Anytime,100%,1 - 30 Minute,30 - 60 minutes,Good,good,No,falling,1,1
10.42.0.211-121.12.98.63-47417-80-6,Yes,Male,BCA,172.0,91.0,92.0,69.0,85.0,Cinema,1 - 2 Hour,Night,75%,1 - 1.30 hour,1 - 1.30 hour,Good,good,No,Normal,0,0
172.217.10.72-10.42.0.211-443-34855-6,Yes,Male,BCA,157.0,76.0,88.0,58.0,50.0,Sports,30 - 60 minute,Night,75%,1 - 1.30 hour,2 - 2.30 hour,Bad,Fabulous,No,falling,1,1
10.42.0.211-10.42.0.1-61032-53-17,Yes,Male,BCA,100.0,60.0,88.0,70.0,70.0,Reading books,30 - 60 minute,Anytime,50%,30 - 60 Minute,2.30 - 3 hour,Awful,Awful,No,Normal,0,0
172.217.10.234-10.42.0.151-443-46171-6,No,Female,BCA,155.0,52.0,7.4,79.0,75.0,Sports,1 - 2 Hour,Night,75%,1.30 - 2 hour,30 - 60 minutes,Good,Bad,No,backflipping,1,1
172.217.11.10-10.42.0.211-443-49984-6,Yes,Female,BCA,156.0,58.0,75.0,70.0,70.0,Cinema,More Than 4 hour,Anytime,75%,More than 2 hour,30 - 60 minutes,Good,good,No,backflipping,1,1
203.205.158.61-10.42.0.211-80-36236-6,Yes,Male,BCA,106.0,64.0,80.0,70.0,75.0,Sports,0 - 30 minute,Morning,75%,1 - 1.30 hour,0 - 30 minutes,Awful,Bad,No,Normal,0,0
205.204.101.182-10.42.0.42-443-47869-6,Yes,Male,BCA,170.0,67.0,81.4,69.0,75.0,Cinema,30 - 60 minute,Anytime,100%,1.30 - 2 hour,0 - 30 minutes,Good,Awful,Yes,backflipping,1,1
172.217.10.106-10.42.0.151-443-41606-6,Yes,Male,BCA,171.0,60.0,78.0,55.0,70.0,Reading books,3 - 4 hour,Anytime,100%,30 - 60 Minute,30 - 60 minutes,Awful,good,Yes,Normal,0,0
203.205.179.170-10.42.0.211-80-57794-6,No,Male,BCA,177.0,75.0,60.0,60.0,50.0,Cinema,30 - 60 minute,Morning,75%,1 - 1.30 hour,1 - 1.30 hour,Good,Bad,No,Normal,0,0
10.42.0.211-98.139.199.204-37890-443-6,Yes,Female,BCA,170.0,45.0,75.0,64.0,74.0,Cinema,0 - 30 minute,Anytime,25%,More than 2 hour,0 - 30 minutes,Good,good,No,backflipping,1,1
10.42.0.211-69.147.82.61-41637-443-6,Yes,Female,BCA,180.0,75.0,90.2,61.6,85.0,Video Games,1 - 2 Hour,Anytime,75%,More than 2 hour,0 - 30 minutes,Bad,good,No,backflipping,1,1
10.42.0.211-23.205.20.233-46359-80-6,Yes,Male,BCA,174.0,54.0,80.0,62.0,75.0,Sports,30 - 60 minute,Night,75%,30 - 60 Minute,2.30 - 3 hour,fabulous,Awful,No,Normal,0,0
10.42.0.42-104.192.110.245-43650-443-6,No,Male,BCA,172.0,56.0,86.5,65.3,79.5,Sports,0 - 30 minute,Morning,75%,More than 2 hour,1 - 1.30 hour,Good,good,No,backflipping,1,1
10.42.0.211-119.146.74.34-59087-80-6,Yes,Female,BCA,153.0,50.0,88.8,71.0,85.0,Cinema,3 - 4 hour,Morning,100%,1 - 1.30 hour,1 - 1.30 hour,Good,good,No,Normal,0,0
10.42.0.211-52.0.244.7-44682-443-6,Yes,Male,BCA,158.0,75.0,90.0,75.0,70.0,Sports,2 - 3 hour,Night,50%,1.30 - 2 hour,2 - 2.30 hour,Bad,good,No,backflipping,1,1
183.79.250.123-10.42.0.211-443-35953-6,No,Male,BCA,177.0,70.0,85.0,61.0,75.0,Reading books,2 - 3 hour,Anytime,50%,30 - 60 Minute,30 - 60 minutes,Good,good,No,Normal,0,0
10.42.0.211-54.243.211.28-39454-443-6,No,Male,BCA,175.0,65.0,76.0,70.0,7.5,Sports,1 - 2 Hour,Morning,50%,1 - 1.30 hour,30 - 60 minutes,Good,good,No,backflipping,1,1
151.101.21.140-10.42.0.211-443-33380-6,Yes,Male,BCA,170.0,70.0,80.0,70.0,70.0,Cinema,3 - 4 hour,Night,100%,More than 2 hour,more than 3 hour,Bad,good,Yes,Normal,0,0
203.205.147.229-10.42.0.151-80-36648-6,Yes,Male,BCA,180.0,80.0,91.0,73.3,85.0,Sports,30 - 60 minute,Morning,100%,30 - 60 Minute,0 - 30 minutes,Good,good,No,Normal,0,0
172.217.10.3-10.42.0.151-443-60003-6,Yes,Female,BCA,4.5,42.0,85.0,90.0,85.0,Cinema,30 - 60 minute,Anytime,100%,1 - 1.30 hour,30 - 60 minutes,Good,Awful,No,Normal,0,0
172.217.12.131-10.42.0.211-443-37454-6,Yes,Male,BCA,170.0,70.0,80.0,60.0,80.0,Sports,2 - 3 hour,Night,75%,30 - 60 Minute,1 - 1.30 hour,Good,good,No,Normal,0,0
10.42.0.211-64.71.142.124-40223-80-6,No,Male,BCA,178.0,83.0,85.8,63.66,80.0,Sports,0 - 30 minute,Anytime,75%,1.30 - 2 hour,0 - 30 minutes,Good,good,No,Normal,0,0
202.77.129.150-10.42.0.211-443-43404-6,No,Male,BCA,180.0,67.0,80.0,70.0,60.0,Video Games,0 - 30 minute,Anytime,25%,1 - 30 Minute,0 - 30 minutes,Good,good,No,falling,1,1
172.217.3.106-10.42.0.151-443-43050-6,No,Female,BCA,150.0,48.0,75.0,50.0,78.0,Sports,0 - 30 minute,Night,50%,1 - 1.30 hour,0 - 30 minutes,Bad,Bad,No,falling,1,1
183.79.250.123-10.42.0.211-443-36972-6,Yes,Female,BCA,170.0,50.0,95.0,75.0,85.0,Reading books,2 - 3 hour,Anytime,50%,1 - 1.30 hour,1.30 - 2 hour,Good,good,No,Normal,0,0
202.77.129.150-10.42.0.42-80-40130-6,Yes,Female,BCA,162.0,65.0,95.0,85.0,86.0,Reading books,1 - 2 Hour,Night,50%,1.30 - 2 hour,30 - 60 minutes,Good,good,No,Normal,0,0
10.42.0.211-54.230.51.24-50398-80-6,Yes,Male,BCA,170.0,65.0,90.0,64.0,80.0,Reading books,30 - 60 minute,Anytime,75%,1 - 30 Minute,1 - 1.30 hour,Bad,Bad,No,Normal,0,0
10.42.0.211-95.213.11.133-37968-443-6,Yes,Male,BCA,153.0,63.0,79.4,61.33,80.87,Sports,1 - 2 Hour,Anytime,75%,1.30 - 2 hour,1 - 1.30 hour,Good,Bad,No,falling,1,1
222.73.28.96-10.42.0.42-80-43351-6,No,Male,BCA,165.0,84.0,90.0,74.0,74.0,Cinema,30 - 60 minute,Anytime,75%,30 - 60 Minute,0 - 30 minutes,Bad,Bad,No,falling,1,1
10.42.0.211-66.102.255.61-51792-80-6,No,Male,BCA,163.0,60.0,77.0,70.0,60.0,Video Games,2 - 3 hour,Anytime,75%,30 - 60 Minute,2 - 2.30 hour,Good,good,No,falling,1,1
10.42.0.1-10.42.0.42-53-29805-17,Yes,Male,BCA,183.0,80.0,80.0,60.0,70.0,Video Games,0 - 30 minute,Anytime,50%,1 - 30 Minute,0 - 30 minutes,Good,Bad,No,backflipping,1,1
172.217.11.14-10.42.0.151-443-35230-6,Yes,Male,BCA,175.0,85.0,90.0,57.0,68.0,Reading books,1 - 2 Hour,Anytime,100%,0 Minute,30 - 60 minutes,Good,Bad,No,backflipping,1,1
10.42.0.42-72.21.206.53-45580-443-6,Yes,Male,BCA,156.0,53.0,84.0,63.0,70.0,Sports,0 - 30 minute,Morning,50%,More than 2 hour,more than 3 hour,Good,Bad,No,Normal,0,0
209.10.120.26-10.42.0.211-80-43093-6,Yes,Male,BCA,154.0,50.0,86.0,68.0,70.0,Sports,30 - 60 minute,Anytime,100%,1 - 1.30 hour,1 - 1.30 hour,Good,Bad,Yes,backflipping,1,1
172.217.10.42-10.42.0.42-443-34080-6,Yes,Female,BCA,172.0,49.0,94.0,69.0,85.0,Cinema,30 - 60 minute,Anytime,50%,30 - 60 Minute,2 - 2.30 hour,Bad,good,No,Normal,0,0
183.79.17.108-10.42.0.151-443-60437-6,Yes,Male,BCA,155.0,52.0,69.0,54.0,50.0,Cinema,30 - 60 minute,Anytime,50%,30 - 60 Minute,30 - 60 minutes,Bad,good,No,Normal,0,0
172.217.12.195-10.42.0.211-443-49630-6,Yes,Male,BCA,172.0,72.0,85.0,64.0,80.0,Cinema,0 - 30 minute,Morning,75%,1 - 30 Minute,30 - 60 minutes,Bad,Bad,No,Normal,0,0
10.42.0.151-119.146.74.34-42472-80-6,No,Male,BCA,181.0,60.0,88.0,88.0,80.0,Reading books,1 - 2 Hour,Anytime,50%,30 - 60 Minute,1.30 - 2 hour,Bad,Awful,Yes,backflipping,1,1
172.217.6.237-10.42.0.151-443-54754-6,No,Male,BCA,150.0,65.0,85.0,50.0,70.0,Video Games,30 - 60 minute,Anytime,75%,1.30 - 2 hour,0 - 30 minutes,Bad,Bad,No,Normal,0,0
163.177.93.222-10.42.0.151-80-46812-6,Yes,Male,BCA,179.0,70.0,69.0,60.0,68.0,Video Games,0 - 30 minute,Night,100%,30 - 60 Minute,30 - 60 minutes,Good,good,No,backflipping,1,1
10.42.0.151-74.125.22.188-37263-5228-6,Yes,Male,BCA,187.0,65.0,85.0,60.0,60.0,Sports,30 - 60 minute,Anytime,75%,1 - 1.30 hour,2 - 2.30 hour,Bad,good,No,Normal,0,0
202.77.129.230-10.42.0.151-80-47935-6,Yes,Male,BCA,167.0,80.0,85.0,72.0,70.0,Sports,1 - 2 Hour,Anytime,50%,1.30 - 2 hour,1 - 1.30 hour,Good,Bad,Yes,backflipping,1,1
192.229.173.173-10.42.0.151-80-57987-6,Yes,Male,BCA,170.0,50.0,70.0,78.0,75.0,Cinema,0 - 30 minute,Anytime,75%,More than 2 hour,0 - 30 minutes,Bad,good,No,Normal,0,0
10.42.0.151-119.146.74.31-39177-443-6,Yes,Female,B.com Accounting and Finance ,132.0,57.0,72.0,75.0,80.0,Reading books,2 - 3 hour,Night,75%,30 - 60 Minute,0 - 30 minutes,Good,good,Yes,backflipping,1,1
10.42.0.151-10.42.0.1-13570-53-17,Yes,Male,BCA,169.0,85.0,80.0,60.0,68.0,Video Games,30 - 60 minute,Night,100%,1.30 - 2 hour,30 - 60 minutes,Bad,good,No,backflipping,1,1
222.73.28.96-10.42.0.211-80-34338-6,Yes,Male,BCA,150.0,60.0,60.0,68.1,70.0,Sports,30 - 60 minute,Morning,75%,1 - 1.30 hour,30 - 60 minutes,Good,Bad,Yes,Normal,0,0
10.42.0.42-115.239.210.141-47686-80-6,Yes,Male,BCA,180.0,75.0,84.0,55.0,70.0,Video Games,30 - 60 minute,Anytime,75%,30 - 60 Minute,30 - 60 minutes,Bad,good,No,backflipping,1,1
10.42.0.151-10.42.0.1-45805-53-17,Yes,Female,BCA,154.0,45.0,72.6,62.6,85.0,Cinema,0 - 30 minute,Night,100%,30 - 60 Minute,30 - 60 minutes,Good,good,No,Normal,0,0
174.35.73.135-10.42.0.211-80-41771-6,Yes,Female,BCA,139.0,62.0,91.0,86.0,90.0,Cinema,30 - 60 minute,Morning,75%,1 - 1.30 hour,0 - 30 minutes,Good,good,No,Normal,0,0
180.149.134.221-10.42.0.42-80-41726-6,No,Male,BCA,175.0,60.0,90.0,65.0,65.0,Sports,0 - 30 minute,Anytime,75%,1 - 30 Minute,1 - 1.30 hour,Good,Bad,No,kicking,1,1
10.42.0.211-10.42.0.1-28008-53-17,Yes,Male,BCA,172.0,72.0,78.0,67.0,80.0,Cinema,3 - 4 hour,Anytime,100%,1 - 30 Minute,1 - 1.30 hour,Good,good,No,kicking,1,1
10.42.0.211-36.110.213.174-55806-443-6,Yes,Male,BCA,170.0,55.0,91.0,81.0,75.0,Reading books,30 - 60 minute,Anytime,75%,30 - 60 Minute,1.30 - 2 hour,Good,Bad,No,Normal,0,0
172.217.11.42-10.42.0.42-443-59418-6,No,Male,BCA,170.0,65.0,82.0,55.0,75.0,Cinema,30 - 60 minute,Anytime,50%,30 - 60 Minute,30 - 60 minutes,Good,Bad,No,kicking,1,1
203.205.158.66-10.42.0.151-80-55440-6,No,Male,BCA,185.0,65.0,80.5,53.0,80.0,Sports,2 - 3 hour,Morning,75%,1 - 1.30 hour,1.30 - 2 hour,Good,Awful,No,Normal,0,0
10.42.0.211-10.42.0.1-45516-53-17,Yes,Male,BCA,177.0,57.0,75.0,57.0,55.0,Sports,0 - 30 minute,Morning,50%,1.30 - 2 hour,0 - 30 minutes,Good,good,No,kicking,1,1
10.42.0.211-119.146.74.33-47669-443-6,No,Male,BCA,170.0,86.0,75.0,68.0,70.0,Sports,0 - 30 minute,Anytime,75%,1 - 1.30 hour,0 - 30 minutes,Good,good,No,Normal,0,0
216.58.219.226-10.42.0.211-443-55294-6,Yes,Male,B.com Accounting and Finance ,174.0,65.0,90.0,85.0,82.0,Cinema,1 - 2 Hour,Anytime,50%,1 - 30 Minute,30 - 60 minutes,Good,good,No,kicking,1,1
172.217.3.110-10.42.0.151-443-44237-6,Yes,Male,BCA,167.0,72.0,85.0,60.0,60.0,Video Games,2 - 3 hour,Anytime,50%,1 - 30 Minute,30 - 60 minutes,fabulous,good,No,Normal,0,0
172.217.10.42-10.42.0.211-443-57721-6,Yes,Female,BCA,155.0,48.0,84.2,64.8,84.0,Sports,30 - 60 minute,Anytime,75%,1 - 30 Minute,1.30 - 2 hour,Good,good,No,Normal,0,0
172.217.8.4-10.42.0.42-443-46715-6,Yes,Male,BCA,134.0,40.0,91.4,65.5,82.96,Cinema,0 - 30 minute,Morning,75%,More than 2 hour,30 - 60 minutes,Good,good,No,Normal,0,0
10.42.0.211-106.11.94.27-35349-443-6,No,Male,BCA,159.0,51.0,86.0,72.0,80.0,Reading books,More Than 4 hour,Morning,75%,30 - 60 Minute,1 - 1.30 hour,Good,Bad,No,Normal,0,0
172.217.10.138-10.42.0.42-443-40117-6,Yes,Female,BCA,150.0,50.0,85.0,55.0,75.0,Video Games,2 - 3 hour,Anytime,75%,30 - 60 Minute,1 - 1.30 hour,Good,good,Yes,Normal,0,0
192.229.173.173-10.42.0.151-80-46598-6,Yes,Female,BCA,150.0,40.0,80.0,60.0,60.0,Sports,30 - 60 minute,Anytime,75%,More than 2 hour,0 - 30 minutes,Good,good,No,kicking,1,1
172.217.12.206-10.42.0.211-443-52386-6,Yes,Male,BCA,180.0,85.0,78.0,58.0,69.0,Sports,0 - 30 minute,Morning,0%,1 - 30 Minute,30 - 60 minutes,Good,good,No,kicking,1,1
10.42.0.211-10.42.0.1-52116-53-17,Yes,Male,BCA,120.0,55.0,75.0,65.0,65.0,Sports,30 - 60 minute,Morning,50%,30 - 60 Minute,0 - 30 minutes,Good,good,No,Normal,0,0
10.42.0.211-64.71.142.120-37148-443-6,Yes,Male,BCA,182.0,58.0,80.0,60.0,65.0,Sports,1 - 2 Hour,Night,50%,30 - 60 Minute,30 - 60 minutes,Bad,good,No,Normal,0,0
10.42.0.211-10.42.0.1-11650-53-17,Yes,Male,BCA,165.0,67.0,90.0,70.0,50.0,Reading books,30 - 60 minute,Morning,25%,1 - 30 Minute,more than 3 hour,Good,Bad,Yes,Normal,0,0
10.42.0.42-125.39.83.108-40521-443-6,Yes,Female,B.com Accounting and Finance ,160.0,38.0,80.0,88.0,80.0,Sports,2 - 3 hour,Anytime,100%,30 - 60 Minute,2 - 2.30 hour,Good,good,No,backflipping,1,1
10.42.0.211-106.11.129.143-45644-80-6,Yes,Male,B.com Accounting and Finance ,170.0,80.0,75.0,90.0,85.0,Sports,More Than 4 hour,Anytime,100%,30 - 60 Minute,1.30 - 2 hour,fabulous,Bad,No,backflipping,1,1
172.217.12.132-10.42.0.151-443-33413-6,No,Male,BCA,165.0,45.0,50.0,50.0,65.0,Cinema,0 - 30 minute,Night,25%,1 - 30 Minute,0 - 30 minutes,fabulous,Fabulous,Yes,backflipping,1,1
10.42.0.151-10.42.0.1-49656-53-17,Yes,Female,B.com Accounting and Finance ,148.0,78.0,71.2,79.5,70.0,Cinema,30 - 60 minute,Anytime,50%,30 - 60 Minute,1 - 1.30 hour,Good,Bad,No,backflipping,1,1
172.217.12.206-10.42.0.151-443-39666-6,No,Female,B.com Accounting and Finance ,130.0,35.0,80.2,70.0,12.0,Reading books,More Than 4 hour,Morning,50%,30 - 60 Minute,1 - 1.30 hour,Good,Bad,No,backflipping,1,1
10.42.0.211-10.42.0.1-8693-53-17,No,Female,BCA,140.0,45.0,85.0,63.0,74.0,Sports,30 - 60 minute,Night,75%,More than 2 hour,30 - 60 minutes,Bad,Bad,No,Normal,0,0
205.185.216.42-10.42.0.151-80-41143-6,Yes,Male,BCA,175.0,70.0,90.2,72.8,85.0,Video Games,1 - 2 Hour,Morning,75%,1 - 1.30 hour,1 - 1.30 hour,Good,Bad,No,backflipping,1,1
10.42.0.151-31.13.80.5-35876-443-6,No,Male,BCA,175.0,76.0,61.8,68.3,66.3,Sports,2 - 3 hour,Morning,50%,30 - 60 Minute,1.30 - 2 hour,Good,good,No,Normal,0,0
172.217.6.202-10.42.0.151-443-56471-6,No,Male,BCA,160.0,70.0,80.0,69.0,60.0,Sports,30 - 60 minute,Morning,50%,30 - 60 Minute,1 - 1.30 hour,Awful,good,No,Normal,0,0
10.42.0.211-118.178.143.65-48075-80-6,Yes,Female,BCA,155.0,43.0,79.0,61.0,70.0,Cinema,1 - 2 Hour,Night,50%,1.30 - 2 hour,0 - 30 minutes,Awful,Awful,No,Normal,0,0
10.42.0.211-23.206.166.66-49063-80-6,Yes,Female,BCA,156.0,50.0,64.0,49.5,85.0,Reading books,2 - 3 hour,Night,75%,30 - 60 Minute,30 - 60 minutes,Bad,Bad,No,backflipping,1,1
10.42.0.151-104.254.66.16-54073-80-6,Yes,Female,BCA,160.0,50.0,86.0,68.0,80.0,Video Games,2 - 3 hour,Anytime,75%,30 - 60 Minute,0 - 30 minutes,Good,Bad,No,Normal,0,0
10.42.0.42-14.29.93.243-56301-80-6,Yes,Male,BCA,175.0,68.9,71.0,66.0,80.0,Video Games,30 - 60 minute,Morning,75%,1 - 1.30 hour,2 - 2.30 hour,Good,good,No,backflipping,1,1
10.42.0.42-104.193.88.109-53643-80-6,Yes,Female,BCA,155.0,50.0,80.0,73.0,80.0,Cinema,0 - 30 minute,Anytime,75%,1 - 30 Minute,30 - 60 minutes,Good,Bad,Yes,Normal,0,0
216.58.219.202-10.42.0.151-443-36518-6,No,Male,Commerce,150.0,55.0,50.0,50.0,35.0,Sports,3 - 4 hour,Morning,75%,More than 2 hour,1 - 1.30 hour,Good,Bad,No,backflipping,1,1
180.163.255.159-10.42.0.211-80-34697-6,Yes,Male,Commerce,165.0,75.0,65.0,75.0,97.0,Cinema,0 - 30 minute,Anytime,50%,1 - 1.30 hour,0 - 30 minutes,fabulous,good,Yes,Normal,0,0
10.42.0.1-10.42.0.42-53-16366-17,No,Male,Commerce,156.0,50.0,90.0,80.0,80.0,Sports,1 - 2 Hour,Morning,25%,1 - 1.30 hour,30 - 60 minutes,Awful,Bad,No,backflipping,1,1
10.42.0.211-23.194.141.143-55295-443-6,Yes,Male,Commerce,167.0,53.0,85.0,91.0,88.0,Video Games,30 - 60 minute,Morning,25%,30 - 60 Minute,2 - 2.30 hour,Bad,Bad,No,backflipping,1,1
10.42.0.211-23.7.36.183-36332-80-6,Yes,Male,Commerce,165.0,64.0,75.0,70.0,70.0,Video Games,30 - 60 minute,Morning,75%,30 - 60 Minute,2.30 - 3 hour,Good,good,Yes,Normal,0,0
10.42.0.151-114.134.80.163-44391-80-6,Yes,Male,Commerce,190.0,106.0,82.0,78.0,80.0,Reading books,1 - 2 Hour,Anytime,100%,1 - 30 Minute,1.30 - 2 hour,Good,Bad,Yes,backflipping,1,1
174.35.73.134-10.42.0.211-80-38368-6,No,Male,Commerce,192.0,85.0,84.0,85.0,80.0,Cinema,30 - 60 minute,Anytime,100%,30 - 60 Minute,more than 3 hour,Good,Bad,No,Normal,0,0
10.42.0.211-118.242.24.59-37885-18013-6,Yes,Male,Commerce,173.0,58.0,91.0,83.5,80.0,Video Games,1 - 2 Hour,Night,50%,30 - 60 Minute,2 - 2.30 hour,Bad,good,No,Normal,0,0
172.217.11.14-10.42.0.211-443-37667-6,Yes,Female,Commerce,145.0,60.0,92.0,75.0,90.0,Cinema,3 - 4 hour,Anytime,100%,More than 2 hour,0 - 30 minutes,Bad,good,No,kicking,1,1
10.42.0.211-10.42.0.1-9060-53-17,Yes,Male,Commerce,170.0,90.0,75.0,75.0,80.0,Sports,30 - 60 minute,Anytime,75%,1 - 1.30 hour,1.30 - 2 hour,Good,good,No,kicking,1,1
180.149.136.194-10.42.0.211-443-60205-6,Yes,Male,Commerce,169.0,65.0,90.0,80.0,85.0,Cinema,3 - 4 hour,Anytime,75%,1.30 - 2 hour,more than 3 hour,Good,good,No,Normal,0,0
10.42.0.151-10.42.0.1-23829-53-17,Yes,Male,Commerce,175.0,59.0,81.0,64.0,85.0,Sports,1 - 2 Hour,Anytime,50%,1.30 - 2 hour,30 - 60 minutes,Good,good,No,kicking,1,1
10.42.0.211-74.125.192.188-60319-5228-6,Yes,Female,Commerce,150.0,42.0,70.0,71.0,91.0,Sports,1 - 2 Hour,Anytime,75%,30 - 60 Minute,0 - 30 minutes,Good,Fabulous,No,Normal,0,0
10.42.0.211-95.213.11.181-54022-80-6,Yes,Male,Commerce,178.0,60.0,70.0,60.0,60.0,Sports,2 - 3 hour,Morning,50%,1 - 30 Minute,30 - 60 minutes,Good,Bad,Yes,kicking,1,1
10.42.0.151-64.95.32.26-35204-443-6,Yes,Female,Commerce,157.0,40.0,93.0,86.0,85.0,Cinema,30 - 60 minute,Morning,50%,More than 2 hour,30 - 60 minutes,Good,Bad,No,Normal,0,0
216.58.217.67-10.42.0.211-443-54011-6,No,Female,Commerce,160.0,40.0,76.0,63.0,70.0,Sports,30 - 60 minute,Night,75%,1 - 1.30 hour,30 - 60 minutes,Good,good,Yes,kicking,1,1
180.149.138.210-10.42.0.211-80-52068-6,Yes,Male,Commerce,159.0,80.0,60.0,79.0,50.0,Cinema,30 - 60 minute,Morning,0%,More than 2 hour,1.30 - 2 hour,Good,Bad,No,Normal,0,0
172.217.6.238-10.42.0.151-443-51144-6,No,Male,Commerce,182.0,57.0,83.7,76.77,80.0,Sports,30 - 60 minute,Night,75%,1 - 1.30 hour,1 - 1.30 hour,Good,Bad,No,Normal,0,0
199.59.148.73-10.42.0.211-443-39193-6,No,Female,Commerce,150.0,54.0,76.0,76.0,92.8,Sports,3 - 4 hour,Anytime,100%,1 - 1.30 hour,30 - 60 minutes,Good,Bad,No,Normal,0,0
10.42.0.211-74.125.22.188-50270-5228-6,Yes,Female,Commerce,154.0,62.0,70.0,50.0,60.0,Cinema,1 - 2 Hour,Night,50%,1 - 1.30 hour,30 - 60 minutes,Bad,Bad,No,Normal,0,0
172.217.10.110-10.42.0.42-443-53546-6,Yes,Female,Commerce,165.0,75.0,91.0,70.0,80.0,Cinema,1 - 2 Hour,Anytime,50%,30 - 60 Minute,30 - 60 minutes,Bad,Awful,No,Normal,0,0
183.79.250.251-10.42.0.151-443-37631-6,Yes,Female,Commerce,150.0,40.0,80.0,75.0,70.0,Cinema,1 - 2 Hour,Morning,50%,1 - 1.30 hour,0 - 30 minutes,Good,Bad,No,kicking,1,1
172.217.11.42-10.42.0.42-443-58728-6,Yes,Female,B.com ISM,149.0,50.0,60.0,60.0,60.0,Cinema,30 - 60 minute,Morning,75%,1 - 30 Minute,30 - 60 minutes,Bad,Bad,No,kicking,1,1
10.42.0.211-121.12.98.64-56590-80-6,No,Male,B.com ISM,150.0,48.0,60.0,77.0,50.0,Video Games,30 - 60 minute,Night,50%,30 - 60 Minute,30 - 60 minutes,Bad,Bad,Yes,Normal,0,0
174.129.31.175-10.42.0.211-443-54768-6,No,Female,B.com ISM,160.0,50.0,60.0,70.0,65.0,Sports,0 - 30 minute,Night,25%,30 - 60 Minute,1 - 1.30 hour,Good,Bad,No,Normal,0,0
10.42.0.151-74.119.119.68-44489-443-6,Yes,Male,B.com ISM,173.0,92.0,54.0,65.0,2.0,Cinema,0 - 30 minute,Anytime,100%,More than 2 hour,1 - 1.30 hour,Good,good,No,Normal,0,0
10.42.0.151-52.84.135.137-57220-443-6,No,Male,B.com ISM,150.0,48.0,46.0,48.0,60.0,Sports,1 - 2 Hour,Anytime,50%,1 - 30 Minute,1 - 1.30 hour,Bad,Bad,No,backflipping,1,1
157.55.235.173-10.42.0.42-40024-46360-17,Yes,Male,B.com ISM,163.0,80.0,76.0,47.0,30.0,Cinema,0 - 30 minute,Morning,50%,1 - 30 Minute,0 - 30 minutes,Awful,Awful,No,backflipping,1,1
172.217.9.227-10.42.0.151-443-60656-6,Yes,Male,B.com ISM,168.0,48.0,70.0,60.0,50.0,Sports,30 - 60 minute,Morning,75%,1 - 30 Minute,more than 3 hour,Bad,Bad,No,backflipping,1,1
216.58.219.202-10.42.0.151-443-46727-6,Yes,Male,B.com ISM,162.0,85.0,56.0,57.0,67.0,Sports,30 - 60 minute,Night,75%,30 - 60 Minute,1 - 1.30 hour,Good,good,No,backflipping,1,1
10.42.0.151-88.212.196.103-43511-443-6,Yes,Male,B.com ISM,170.0,80.0,67.0,70.0,60.0,Sports,More Than 4 hour,Anytime,100%,1 - 30 Minute,0 - 30 minutes,Good,good,No,backflipping,1,1
10.42.0.211-64.71.142.125-35944-443-6,No,Male,B.com ISM,145.0,50.0,75.0,79.0,70.0,Reading books,1 - 2 Hour,Morning,50%,1 - 30 Minute,0 - 30 minutes,Good,Awful,No,Normal,0,0
172.217.10.133-10.42.0.151-443-55487-6,No,Male,B.com ISM,160.0,52.0,65.0,70.0,65.0,Video Games,30 - 60 minute,Night,75%,30 - 60 Minute,30 - 60 minutes,Good,good,No,backflipping,1,1
180.76.138.25-10.42.0.211-80-47454-6,No,Male,B.com ISM,180.0,65.0,86.0,86.0,89.0,Video Games,30 - 60 minute,Anytime,50%,1 - 1.30 hour,1 - 1.30 hour,Good,good,No,Normal,0,0
203.205.158.61-10.42.0.151-80-40903-6,No,Male,B.com ISM,149.0,35.0,70.0,67.0,65.0,Video Games,1 - 2 Hour,Anytime,100%,1 - 30 Minute,0 - 30 minutes,Good,good,No,Normal,0,0
203.205.179.172-10.42.0.151-80-51767-6,No,Male,B.com ISM,173.0,60.0,60.0,52.0,60.0,Video Games,1 - 2 Hour,Night,50%,30 - 60 Minute,1 - 1.30 hour,Bad,Bad,No,Normal,0,0
10.42.0.42-119.146.74.31-35470-443-6,No,Female,B.com ISM,149.0,40.0,60.0,60.0,60.0,Cinema,30 - 60 minute,Morning,75%,1 - 30 Minute,30 - 60 minutes,Bad,good,No,backflipping,1,1
10.42.0.151-54.173.220.111-54434-443-6,Yes,Male,B.com ISM,170.0,55.0,50.0,50.0,50.0,Cinema,30 - 60 minute,Night,75%,1 - 30 Minute,30 - 60 minutes,Bad,good,Yes,Normal,0,0
10.42.0.151-52.22.102.34-53632-443-6,No,Female,B.com ISM,155.0,39.0,45.0,45.0,50.0,Sports,3 - 4 hour,Night,75%,30 - 60 Minute,30 - 60 minutes,fabulous,good,No,backflipping,1,1
10.42.0.211-10.42.0.1-55667-53-17,Yes,Male,B.com ISM,153.0,45.0,67.0,54.0,86.0,Cinema,30 - 60 minute,Morning,100%,1 - 30 Minute,30 - 60 minutes,Good,good,No,Normal,0,0
10.42.0.211-10.42.0.1-18693-53-17,Yes,Male,B.com ISM,170.0,65.0,79.0,62.0,60.0,Cinema,1 - 2 Hour,Morning,75%,1 - 30 Minute,0 - 30 minutes,Good,good,No,backflipping,1,1
10.42.0.42-104.244.43.163-43380-443-6,No,Male,B.com ISM,173.0,75.0,60.0,50.0,55.0,Sports,1 - 2 Hour,Anytime,75%,1 - 30 Minute,1.30 - 2 hour,Bad,Bad,No,Normal,0,0
10.42.0.211-10.42.0.1-7686-53-17,Yes,Male,B.com ISM,170.0,60.0,50.0,50.0,50.0,Reading books,1 - 2 Hour,Anytime,75%,More than 2 hour,1 - 1.30 hour,Bad,good,Yes,backflipping,1,1
172.217.10.106-10.42.0.151-443-48914-6,Yes,Male,B.com ISM,120.0,74.0,80.0,70.0,70.0,Cinema,1 - 2 Hour,Anytime,75%,More than 2 hour,30 - 60 minutes,Bad,Bad,Yes,backflipping,1,1
219.147.93.205-10.42.0.211-443-34071-6,Yes,Female,Commerce,160.0,68.0,96.0,92.0,80.0,Cinema,3 - 4 hour,Morning,75%,1.30 - 2 hour,0 - 30 minutes,Good,good,No,Normal,0,0
180.149.136.194-10.42.0.42-80-46051-6,No,Male,Commerce,140.0,86.0,76.0,83.0,70.0,Cinema,30 - 60 minute,Morning,50%,More than 2 hour,30 - 60 minutes,Good,Bad,No,backflipping,1,1
172.217.12.163-10.42.0.42-443-48160-6,Yes,Male,Commerce,165.0,60.0,55.0,50.0,60.0,Sports,0 - 30 minute,Morning,50%,1 - 30 Minute,1 - 1.30 hour,Good,Bad,No,Normal,0,0
220.181.7.190-10.42.0.211-443-33887-6,Yes,Male,Commerce,161.0,55.0,89.0,79.0,70.0,Sports,30 - 60 minute,Morning,75%,30 - 60 Minute,30 - 60 minutes,Bad,Bad,No,Normal,0,0
10.42.0.151-10.42.0.1-40169-53-17,Yes,Female,Commerce,146.0,39.0,95.6,86.0,85.0,Cinema,1 - 2 Hour,Anytime,75%,30 - 60 Minute,0 - 30 minutes,Good,good,No,backflipping,1,1
202.77.129.230-10.42.0.151-80-58558-6,Yes,Male,Commerce,155.0,70.0,60.0,60.0,60.0,Sports,2 - 3 hour,Night,50%,More than 2 hour,1 - 1.30 hour,Good,good,Yes,backflipping,1,1
172.217.10.46-10.42.0.151-443-41375-6,No,Male,Commerce,120.0,80.0,81.0,80.0,70.0,Cinema,30 - 60 minute,Night,50%,More than 2 hour,0 - 30 minutes,Good,Fabulous,Yes,Normal,0,0
157.240.2.36-10.42.0.211-443-32813-6,Yes,Male,Commerce,160.0,70.0,84.0,76.0,70.0,Video Games,30 - 60 minute,Anytime,75%,More than 2 hour,1 - 1.30 hour,Bad,Bad,Yes,backflipping,1,1
10.42.0.151-10.42.0.1-12291-53-17,Yes,Female,Commerce,152.0,32.0,80.0,60.0,70.0,Sports,1 - 2 Hour,Night,75%,1 - 1.30 hour,30 - 60 minutes,Bad,good,No,Normal,0,0
156.154.200.36-10.42.0.211-443-36404-6,No,Male,Commerce,168.0,75.0,75.0,65.0,75.0,Cinema,1 - 2 Hour,Morning,75%,1 - 1.30 hour,1 - 1.30 hour,Good,good,No,backflipping,1,1
10.42.0.1-10.42.0.42-53-35050-17,Yes,Female,Commerce,152.0,64.0,90.4,80.0,80.0,Cinema,1 - 2 Hour,Anytime,75%,30 - 60 Minute,1 - 1.30 hour,Good,good,No,Normal,0,0
162.208.22.39-10.42.0.211-443-57667-6,No,Male,Commerce,156.0,45.0,85.0,75.0,70.0,Sports,More Than 4 hour,Anytime,75%,1 - 1.30 hour,2 - 2.30 hour,Good,Bad,Yes,backflipping,1,1
180.149.136.194-10.42.0.211-80-52226-6,Yes,Female,Commerce,151.0,55.0,93.8,83.5,100.0,Reading books,1 - 2 Hour,Morning,75%,1 - 1.30 hour,30 - 60 minutes,Good,good,Yes,Normal,0,0
10.42.0.211-77.234.44.199-51601-80-6,No,Female,Commerce,165.0,62.0,78.0,75.0,90.0,Sports,2 - 3 hour,Anytime,100%,30 - 60 Minute,0 - 30 minutes,Good,good,No,Normal,0,0
10.42.0.151-119.146.74.33-41908-443-6,Yes,Female,Commerce,160.0,60.0,75.0,85.0,90.0,Cinema,2 - 3 hour,Anytime,75%,30 - 60 Minute,30 - 60 minutes,Good,good,No,Normal,0,0
10.42.0.151-104.244.43.99-50129-443-6,Yes,Female,Commerce,153.0,58.0,85.0,74.0,75.0,Cinema,0 - 30 minute,Anytime,75%,More than 2 hour,0 - 30 minutes,Awful,good,No,Normal,0,0
175.100.207.233-10.42.0.211-80-47310-6,Yes,Male,Commerce,175.0,75.0,88.0,85.0,90.0,Sports,30 - 60 minute,Morning,75%,1 - 30 Minute,30 - 60 minutes,Good,good,No,Normal,0,0
10.42.0.211-54.192.36.221-37415-443-6,No,Male,Commerce,161.0,54.0,90.0,73.0,80.0,Cinema,30 - 60 minute,Morning,100%,30 - 60 Minute,more than 3 hour,Bad,Bad,No,backflipping,1,1
157.240.3.19-10.42.0.211-443-35046-6,Yes,Male,Commerce,160.0,60.0,85.0,80.0,80.0,Cinema,30 - 60 minute,Anytime,100%,1 - 30 Minute,30 - 60 minutes,Awful,Bad,No,backflipping,1,1
10.42.0.42-85.93.5.109-48953-80-6,Yes,Female,Commerce,153.0,45.0,83.0,73.0,75.0,Cinema,0 - 30 minute,Morning,75%,30 - 60 Minute,0 - 30 minutes,Good,good,No,Normal,0,0
10.42.0.151-69.147.82.60-56405-443-6,Yes,Male,Commerce,160.0,50.0,85.0,80.0,60.0,Sports,30 - 60 minute,Night,75%,1 - 1.30 hour,0 - 30 minutes,Good,Bad,No,Normal,0,0
10.42.0.211-64.71.142.96-53660-443-6,Yes,Male,Commerce,170.0,65.0,82.0,73.0,80.0,Cinema,0 - 30 minute,Anytime,50%,1.30 - 2 hour,0 - 30 minutes,fabulous,Bad,No,Normal,0,0
10.42.0.42-14.29.93.243-52857-80-6,Yes,Female,Commerce,152.0,65.0,97.0,80.0,100.0,Reading books,3 - 4 hour,Morning,100%,30 - 60 Minute,0 - 30 minutes,Good,good,Yes,backflipping,1,1
172.217.3.106-10.42.0.42-443-60131-6,Yes,Female,Commerce,164.0,43.0,80.0,89.0,95.0,Reading books,2 - 3 hour,Morning,100%,1 - 30 Minute,0 - 30 minutes,Good,good,No,backflipping,1,1
183.3.235.80-10.42.0.151-80-40065-6,Yes,Female,Commerce,167.0,65.0,93.0,85.0,90.0,Reading books,1 - 2 Hour,Night,75%,30 - 60 Minute,30 - 60 minutes,Good,good,No,backflipping,1,1
172.217.3.106-10.42.0.211-443-60594-6,Yes,Male,B.com ISM,167.0,55.0,55.0,57.0,60.0,Sports,30 - 60 minute,Anytime,25%,0 Minute,0 - 30 minutes,Awful,Bad,No,kicking,1,1
10.42.0.211-23.203.49.224-36526-443-6,Yes,Male,B.com ISM,155.0,68.0,75.0,75.0,65.0,Sports,1 - 2 Hour,Anytime,100%,1.30 - 2 hour,1 - 1.30 hour,Good,good,No,kicking,1,1
10.42.0.211-23.46.197.118-41352-443-6,No,Female,B.com ISM,153.0,60.0,60.0,70.0,70.0,Sports,1 - 2 Hour,Anytime,75%,1 - 1.30 hour,0 - 30 minutes,Good,Bad,No,Normal,0,0
203.205.158.61-10.42.0.211-80-60014-6,Yes,Male,B.com ISM,170.0,76.0,72.0,67.0,65.0,Video Games,30 - 60 minute,Morning,50%,More than 2 hour,30 - 60 minutes,Bad,Bad,No,kicking,1,1
10.42.0.151-23.66.240.213-55027-80-6,Yes,Male,B.com ISM,172.0,52.0,72.0,70.0,76.0,Cinema,2 - 3 hour,Anytime,75%,30 - 60 Minute,30 - 60 minutes,Good,good,No,Normal,0,0
172.217.12.174-10.42.0.211-443-35221-6,Yes,Female,BCA,139.0,33.0,90.0,75.0,70.0,Cinema,30 - 60 minute,Night,50%,30 - 60 Minute,2.30 - 3 hour,Bad,good,No,Normal,0,0
216.58.219.228-10.42.0.211-443-54688-6,Yes,Female,Commerce,153.0,58.0,85.0,74.0,75.0,Cinema,0 - 30 minute,Anytime,75%,More than 2 hour,2.30 - 3 hour,Awful,good,No,Normal,0,0
8.0.6.4-8.6.0.1-0-0-0,No,Female,B.com ISM,155.0,39.0,45.0,45.0,50.0,Sports,3 - 4 hour,Night,75%,30 - 60 Minute,2.30 - 3 hour,fabulous,good,No,kicking,1,1
